index,canonical_name,mode,status,filename,size_bytes,source_url,source_page,note
1,"AKR ""2 Years Red""",REPLACE_EXISTING,OK_DISCOVERED,akr_2_years_red.webp,35364,https://ggstand.com/public/storage/items/1688078575cb9e17c192d17c307406386961add934.png,https://ggstand.com/en/case/legendary,source=WEBP; alpha=88.2912%
2,"AKR ""Arctic Camo""",ADD_NEW,OK_DISCOVERED,akr_arctic_camo.webp,18544,https://ggstand.com/public/storage/items/1775564099ac44eb2adfc51023b9393bbd2f3a8e9f.png,https://ggstand.com/en/case/akr,source=WEBP; alpha=82.2617%
3,"AKR ""Carbon""",REPLACE_EXISTING,OK_KNOWN_OVERRIDE+DISCOVERED,akr_carbon.webp,30458,https://ggstand.com/public/storage/items/168807890671c53751ccfc5fc3959e8e1c61046a63.png,https://ggstand.com/en/case/akr,source=WEBP; alpha=85.0204%
4,"AKR ""Digital Burst""",ADD_NEW,OK_DISCOVERED,akr_digital_burst.webp,29634,https://ggstand.com/public/storage/items/16897045977e2594497532ac8bbcfc9681b7c27701.png,https://ggstand.com/en/case/akr,source=WEBP; alpha=90.9126%
5,"AKR ""Dragon""",REPLACE_EXISTING,OK_KNOWN_OVERRIDE+DISCOVERED,akr_dragon.webp,37240,https://ggstand.com/public/storage/items/168807893941fcc53f435789d8ac9e6d2cdb8d70e3.png,https://ggstand.com/en/case/akr,source=WEBP; alpha=84.7389%
6,"AKR ""Fabric Storm""",REPLACE_EXISTING,OK_DISCOVERED,akr_fabric_storm.webp,37932,https://ggstand.com/public/storage/items/1688078975197f7250ef9b01b9cce3b9bbb69daa9b.png,https://ggstand.com/en/case/akr,source=WEBP; alpha=86.0435%
7,"AKR ""Genesis""",REPLACE_EXISTING,OK_DISCOVERED,akr_genesis.webp,21036,https://ggstand.com/public/storage/items/1742828218599ef842914ae3f1c54464451d437367.png,https://ggstand.com/en/case/akr,source=WEBP; alpha=82.5485%
8,"AKR ""Mirage Menace""",ADD_NEW,OK_DISCOVERED,akr_mirage_menace.webp,35080,https://ggstand.com/public/storage/items/1693405187359b626835c9112bdd7873fab04b84b1.png,https://ggstand.com/en/case/akr,source=WEBP; alpha=91.7412%
9,"AKR ""Night Fury""",REPLACE_EXISTING,OK_KNOWN_OVERRIDE+DISCOVERED,akr_night_fury.webp,25340,https://ggstand.com/public/storage/items/16896920994db4473996d7f52e49b62c6a776f7147.png,https://ggstand.com/en/case/akr,source=WEBP; alpha=89.3951%
10,"AKR ""Scylla""",ADD_NEW,OK_DISCOVERED,akr_scylla.webp,32162,https://ggstand.com/public/storage/items/16896920998068ba9f4f2216ad5edc47641853b2ce.png,https://ggstand.com/en/case/akr,source=WEBP; alpha=89.3951%
11,"AKR ""Sketch""",ADD_NEW,OK_DISCOVERED,akr_sketch.webp,23646,https://ggstand.com/public/storage/items/1766142321943e9c0dcbf9785d7b795e68a85e095d.png,https://ggstand.com/en/case/akr,source=WEBP; alpha=82.3753%
12,"AKR ""Sport""",REPLACE_EXISTING,OK_DISCOVERED,akr_sport.webp,34566,https://ggstand.com/public/storage/items/1688079164d7564911bc4d864b3347618feaeb26cc.png,https://ggstand.com/en/case/akr,source=WEBP; alpha=85.3462%
13,"AKR ""Treasure Hunter""",REPLACE_EXISTING,OK_DISCOVERED,akr_treasure_hunter.webp,49390,https://ggstand.com/public/storage/items/1688079225f9b7ff60f158341ebcf26ed53d3d9b66.png,https://ggstand.com/en/case/arcane,source=WEBP; alpha=84.9754%
14,"AKR ""Twilight""",ADD_NEW,OK_DISCOVERED,akr_twilight.webp,15760,https://ggstand.com/public/storage/items/177737196222ec63a69a5a338039d3c50cce907a06.png,https://ggstand.com/en/case/akr,source=WEBP; alpha=82.4654%
15,"AKR12 ""Geometric""",ADD_NEW,OK_DISCOVERED,akr12_geometric.webp,38998,https://ggstand.com/public/storage/items/16880794321f06e2a88983683dc21537c6e28932d0.png,https://ggstand.com/en/case/akr12,source=WEBP; alpha=85.7689%
16,"AKR12 ""Kensei""",ADD_NEW,OK_DISCOVERED,akr12_kensei.webp,27462,https://ggstand.com/public/storage/items/17586326718052fcc2cef429e679d17786805c272c.png,https://ggstand.com/en/case/akr12,source=WEBP; alpha=74.2958%
17,"AWM ""Gear""",ADD_NEW,OK_DISCOVERED,awm_gear.webp,27580,https://ggstand.com/public/storage/items/16880802900037bc0f17f83d13a3daf4ffbdff9559.png,https://ggstand.com/en/case/awm,source=WEBP; alpha=87.8975%
18,"AWM ""Genesis""",REPLACE_EXISTING,OK_KNOWN_OVERRIDE+DISCOVERED,awm_genesis.webp,32450,https://ggstand.com/public/storage/items/1688080339e2c18d28d53e59f4b350858b4e522a7c.png,https://ggstand.com/en/case/awm,source=WEBP; alpha=88.5811%
19,"AWM ""Jade Stone""",ADD_NEW,OK_DISCOVERED,awm_jade_stone.webp,21538,https://ggstand.com/public/storage/items/17709866926d186b31fb1258480445905114743c86.png,https://ggstand.com/en/case/year-of-horse-st-collection,source=WEBP; alpha=73.7175%
20,"AWM ""Nebula""",ADD_NEW,OK_DISCOVERED,awm_nebula.webp,23834,https://ggstand.com/public/storage/items/1689944070c4997fb59ed2dd9930620ad07401a8c5.png,https://ggstand.com/en/case/awm,source=WEBP; alpha=92.2020%
21,"AWM ""Polar Night""",ADD_NEW,OK_DISCOVERED,awm_polar_night.webp,29332,https://ggstand.com/public/storage/items/168808040452504bda1e3ffa1cbbda2b2b1e2c4705.png,https://ggstand.com/en/case/awm,source=WEBP; alpha=87.7396%
22,"AWM ""Stickerbomb""",ADD_NEW,OK_DISCOVERED,awm_stickerbomb.webp,30538,https://ggstand.com/public/storage/items/1689692333cb2c5fa86c1726e0cfd7010f52c243cd.png,https://ggstand.com/en/case/awm,source=WEBP; alpha=90.8989%
23,"Akimbo Uzi ""Yokai""",REPLACE_EXISTING,OK_DISCOVERED,akimbo_uzi_yokai.webp,17698,https://ggstand.com/public/storage/items/1756134518f218ca750d49dcb9504093e186764a33.png,https://ggstand.com/en/case/aguia-noob,source=WEBP; alpha=81.4178%
24,"Berettas ""Cascade""",ADD_NEW,OK_DISCOVERED,berettas_cascade.webp,20962,https://ggstand.com/public/storage/items/1756134533dbc52bcafebc39ab02378dc77a0178a3.png,https://ggstand.com/en/case/berettas,source=WEBP; alpha=83.1833%
25,"Butterfly ""Black Widow""",REPLACE_EXISTING,OK_KNOWN_OVERRIDE+DISCOVERED,butterfly_black_widow.webp,9836,https://ggstand.com/public/storage/items/17712747544ecfc1db0dc45a283f5468fdf5ea7982.png,https://ggstand.com/en/case/ezknife-m-st,source=WEBP; alpha=92.1120%
26,"Butterfly ""Dragon Glass""",ADD_NEW,OK_DISCOVERED,butterfly_dragon_glass.webp,13572,https://ggstand.com/public/storage/items/1771274836967e47283139b6ab33cd8c687dceb72e.png,https://ggstand.com/en/case/ezknife-m-st,source=WEBP; alpha=92.1120%
27,"Butterfly ""Jade Stone""",ADD_NEW,OK_DISCOVERED,butterfly_jade_stone.webp,15902,https://ggstand.com/public/storage/items/17712374635053b9592564d243615c4411e94bb4d5.png,https://ggstand.com/en/case/year-of-horse-st-collection,source=WEBP; alpha=91.9525%
28,"Butterfly ""Legacy""",REPLACE_EXISTING,OK_KNOWN_OVERRIDE+DISCOVERED,butterfly_legacy.webp,19946,https://ggstand.com/public/storage/items/16896904248ad56dff1a99466a6ed62aa59ca3639b.png,https://ggstand.com/en/case/ezknife-m-st,source=WEBP; alpha=96.1853%
29,"Desert Eagle ""Dragon Glass""",ADD_NEW,OK_DISCOVERED,desert_eagle_dragon_glass.webp,27658,https://ggstand.com/public/storage/items/16880806961e7419157bd7b862885cfc13bb394818.png,https://ggstand.com/en/case/deagle,source=WEBP; alpha=83.4091%
30,"Desert Eagle ""Eclipse""",ADD_NEW,OK_DISCOVERED,desert_eagle_eclipse.webp,19270,https://ggstand.com/public/storage/items/174282806429d307817c36e6656997ad695365e482.png,https://ggstand.com/en/case/deagle,source=WEBP; alpha=78.4744%
31,"Desert Eagle ""Infection""",ADD_NEW,OK_DISCOVERED,desert_eagle_infection.webp,28196,https://ggstand.com/public/storage/items/16897047008d0a43313af5b5859faf1a2098401161.png,https://ggstand.com/en/case/deagle,source=WEBP; alpha=79.3442%
32,"Desert Eagle ""Jade Stone""",ADD_NEW,OK_DISCOVERED,desert_eagle_jade_stone.webp,22220,https://ggstand.com/public/storage/items/1771237648dacfb337d117376df98832f740162087.png,https://ggstand.com/en/case/year-of-horse-st-collection,source=WEBP; alpha=78.9955%
33,"Desert Eagle ""Morgan""",REPLACE_EXISTING,OK_DISCOVERED,desert_eagle_morgan.webp,22682,https://ggstand.com/public/storage/items/1688080714f9d0093bfa8cf8a2803a336759e7efaf.png,https://ggstand.com/en/case/deagle,source=WEBP; alpha=90.2565%
34,"Desert Eagle ""Razorwire""",REPLACE_EXISTING,OK_KNOWN_OVERRIDE+DISCOVERED,desert_eagle_razorwire.webp,21550,https://ggstand.com/public/storage/items/1775564698b9ff57f40572f172fef6e16d321d6747.png,https://ggstand.com/en/case/deagle,source=WEBP; alpha=79.0733%
35,"Desert Eagle ""Red Dragon""",ADD_NEW,OK_DISCOVERED,desert_eagle_red_dragon.webp,56964,https://ggstand.com/public/storage/items/1688080812f1d4fa2d1f5569d8a6effa52f46cbb2f.png,https://ggstand.com/en/case/deagle,source=WEBP; alpha=78.7392%
36,"Desert Eagle ""Venator""",ADD_NEW,OK_DISCOVERED,desert_eagle_venator.webp,39694,https://ggstand.com/public/storage/items/1688405645e379f2464e11db2c54cd8817c98242e8.png,https://ggstand.com/en/case/deagle,source=WEBP; alpha=88.1935%
37,"Desert Eagle ""Violet Flame""",ADD_NEW,OK_DISCOVERED,desert_eagle_violet_flame.webp,28994,https://ggstand.com/public/storage/items/1710439666fc669ef3147a4f7ca78f2965708ae93b.png,https://ggstand.com/en/case/deagle,source=WEBP; alpha=89.3440%
38,"Desert Eagle ""Yakuza""",REPLACE_EXISTING,OK_DISCOVERED,desert_eagle_yakuza.webp,38094,https://ggstand.com/public/storage/items/168808102501b30a819b61514b8a3786fd7ef5b027.png,https://ggstand.com/en/case/arcane,source=WEBP; alpha=87.5351%
39,"Dual Daggers ""Demonic Steel""",ADD_NEW,OK_DISCOVERED,dual_daggers_demonic_steel.webp,18358,https://ggstand.com/public/storage/items/177929264814d16061bc05122363c4daa4374e3f6f.png,https://ggstand.com/en/case/ezknife-m-st,source=WEBP; alpha=83.9500%
40,"F/S ""Hellspawn""",ADD_NEW,OK_DISCOVERED,f_s_hellspawn.webp,26004,https://ggstand.com/public/storage/items/1704636638390fe6c88f39237e7278ee4fc03dc535.png,https://ggstand.com/en/case/f-s,source=WEBP; alpha=91.2346%
41,"F/S ""Octopus""",ADD_NEW,OK_DISCOVERED,f_s_octopus.webp,30396,https://ggstand.com/public/storage/items/1689692510785f67a70b1a86267991a1d79c02e050.png,https://ggstand.com/en/case/f-s,source=WEBP; alpha=88.4453%
42,"F/S ""Rush""",ADD_NEW,OK_DISCOVERED,f_s_rush.webp,32684,https://ggstand.com/public/storage/items/16880819372432b3b57a68aa04249782481186d484.png,https://ggstand.com/en/case/f-s,source=WEBP; alpha=81.5872%
43,"F/S ""Toxic""",ADD_NEW,OK_DISCOVERED,f_s_toxic.webp,17074,https://ggstand.com/public/storage/items/17104380845ecbdfc0e1ec6c6587b3e62ba4ba707d.png,https://ggstand.com/en/case/f-s,source=WEBP; alpha=93.6752%
44,"F/S ""Vines""",ADD_NEW,OK_DISCOVERED,f_s_vines.webp,22594,https://ggstand.com/public/storage/items/175164591544ab3ae6906c4c136026f4e550d46a28.png,https://ggstand.com/en/case/f-s,source=WEBP; alpha=80.4039%
45,"FAMAS ""Fury""",REPLACE_EXISTING,OK_DISCOVERED,famas_fury.webp,48736,https://ggstand.com/public/storage/items/1688081467ff8190000b8c76389c8acd4e012e162f.png,https://ggstand.com/en/case/famas,source=WEBP; alpha=83.9340%
46,"FAMAS ""Handcraft""",ADD_NEW,OK_DISCOVERED,famas_handcraft.webp,29566,https://ggstand.com/public/storage/items/168985694794cba744271ba1b55cfd679a8b26f06d.png,https://ggstand.com/en/case/famas,source=WEBP; alpha=91.0713%
47,"FAMAS ""Raider""",ADD_NEW,OK_DISCOVERED,famas_raider.webp,26734,https://ggstand.com/public/storage/items/176165960312b9d407a411a7e33efe6c129bcd152f.png,https://ggstand.com/en/case/dia-de-muertos-st-collection,source=WEBP; alpha=77.6711%
48,"FAMAS ""Ritual""",ADD_NEW,OK_DISCOVERED,famas_ritual.webp,29650,https://ggstand.com/public/storage/items/1749648401497b815abc0b11c40211e9e46550d2e9.png,https://ggstand.com/en/case/famas,source=WEBP; alpha=77.6054%
49,"FN FAL ""Astral Rift""",ADD_NEW,OK_DISCOVERED,fn_fal_astral_rift.webp,20092,https://ggstand.com/public/storage/items/17301963445d149978c4effc8195cb1a07fc277c3c.png,https://ggstand.com/en/case/fn-fal,source=WEBP; alpha=94.4176%
50,"FN FAL ""Phoenix Risen""",REPLACE_EXISTING,OK_DISCOVERED,fn_fal_phoenix_risen.webp,27766,https://ggstand.com/public/storage/items/168808165720a3f88e15139bcba96640387d2a99c5.png,https://ggstand.com/en/case/fn-fal,source=WEBP; alpha=87.1437%
51,"FN FAL ""Splash""",ADD_NEW,OK_DISCOVERED,fn_fal_splash.webp,20010,https://ggstand.com/public/storage/items/175164590114f6bd9c2f0a83262d50b485f98517af.png,https://ggstand.com/en/case/fn-fal,source=WEBP; alpha=82.0999%
52,"Fang ""Aureate""",REPLACE_EXISTING,OK_DISCOVERED,fang_aureate.webp,14320,https://ggstand.com/public/storage/items/177928738935bdf32912c19558ab7f12ce4c4914f0.png,https://ggstand.com/en/case/ezknife-m-st,source=WEBP; alpha=90.0566%
53,"Fang ""Flare""",ADD_NEW,OK_DISCOVERED,fang_flare.webp,12952,https://ggstand.com/public/storage/items/17792875925ce37d7151e102ea5622f08c6bd2207d.png,https://ggstand.com/en/case/ezknife-m-st,source=WEBP; alpha=90.0887%
54,"G22 ""Flor de Muertos""",ADD_NEW,OK_KNOWN_OVERRIDE+DISCOVERED,g22_flor_de_muertos.webp,20682,https://ggstand.com/public/storage/items/1761659259c8420d10583ba367d7e56450c8986ad7.png,https://ggstand.com/en/case/dia-de-muertos-st-collection,source=WEBP; alpha=82.1991%
55,"G22 ""Frost Wyrm""",REPLACE_EXISTING,OK_DISCOVERED,g22_frost_wyrm.webp,55592,https://ggstand.com/public/storage/items/168812727366c0bfbb64ce827c64bd86d937f50fe8.png,https://ggstand.com/en/case/legendary,source=WEBP; alpha=82.1335%
56,"G22 ""Haunt""",REPLACE_EXISTING,OK_KNOWN_OVERRIDE+DISCOVERED,g22_haunt.webp,25034,https://ggstand.com/public/storage/items/1698486265c1380646ffb651c974238f20293a35fe.png,https://ggstand.com/en/case/epic,source=WEBP; alpha=90.6036%
57,"G22 ""Lion Lord""",ADD_NEW,OK_DISCOVERED,g22_lion_lord.webp,22018,https://ggstand.com/public/storage/items/16884057250efb279aa96c6aa61745113a1d542842.png,https://ggstand.com/en/case/rare,source=WEBP; alpha=91.6801%
58,"G22 ""Monster""",ADD_NEW,OK_DISCOVERED,g22_monster.webp,43466,https://ggstand.com/public/storage/items/1688127267f41b83f890ba35a76c6e3098ac52bba8.png,https://ggstand.com/en/case/epic,source=WEBP; alpha=83.4297%
59,"G22 ""Reindeer Sweater""",ADD_NEW,UNRESOLVED,,0,,,No image URL found for target G22 | Reindeer Sweater
60,"G22 ""Twilight""",ADD_NEW,OK_DISCOVERED,g22_twilight.webp,12510,https://ggstand.com/public/storage/items/176614233617bbc6ddc5899942547fc9756dc6a8c6.png,https://ggstand.com/en/case/arcane,source=WEBP; alpha=82.1915%
61,"G22 ""White Carbon""",REPLACE_EXISTING,OK_KNOWN_OVERRIDE+DISCOVERED,g22_white_carbon.webp,32766,https://ggstand.com/public/storage/items/16897697237f96aa29394807dd7b573db9dd43fbdf.png,https://ggstand.com/en/case/rare,source=WEBP; alpha=83.2985%
62,"Karambit ""Claw""",REPLACE_EXISTING,OK_KNOWN_OVERRIDE+DISCOVERED,karambit_claw.webp,22370,https://ggstand.com/public/storage/items/168969118718545375e2a0390efbea504bddcde8d3.png,https://ggstand.com/en/case/ezknife-m-st,source=WEBP; alpha=89.7903%
63,"Karambit ""Nebula""",ADD_NEW,OK_DISCOVERED,karambit_nebula.webp,14818,https://ggstand.com/public/storage/items/177127509808681759ea4ecc2849062ee769e66a1b.png,https://ggstand.com/en/case/ezknife-m-st,source=WEBP; alpha=87.8807%
64,"Karambit ""Pelagia""",REPLACE_EXISTING,OK_DISCOVERED,karambit_pelagia.webp,16204,https://ggstand.com/public/storage/items/1771275105b4e8c56340a6ee7a344c613f0449d4d4.png,https://ggstand.com/en/case/ezknife-m-st,source=WEBP; alpha=87.6541%
65,"Karambit ""Scratch""",REPLACE_EXISTING,OK_KNOWN_OVERRIDE+DISCOVERED,karambit_scratch.webp,16116,https://ggstand.com/public/storage/items/16896911835da99ce1f62caee83d3971038f44d726.png,https://ggstand.com/en/case/ezknife-m-st,source=WEBP; alpha=89.7903%
66,"Karambit ""Universe""",REPLACE_EXISTING,OK_DISCOVERED,karambit_universe.webp,12738,https://ggstand.com/public/storage/items/1771274974d6441c49de96cd2cb77ec658385ed374.png,https://ggstand.com/en/case/ezknife-m-st,source=WEBP; alpha=87.7113%
67,"Kukri ""Cascade""",ADD_NEW,OK_DISCOVERED,kukri_cascade.webp,15670,https://ggstand.com/public/storage/items/1756135016542a8eb6533674244d9027686285ad3f.png,https://ggstand.com/en/case/syndicate-st-collection,source=WEBP; alpha=87.9478%
68,"Kukri ""Prophet""",ADD_NEW,OK_DISCOVERED,kukri_prophet.webp,14204,https://ggstand.com/public/storage/items/17792928501e09e797f2b0aef9d2cf93c41f94cc43.png,https://ggstand.com/en/case/ezknife-m-st,source=WEBP; alpha=87.9364%
69,"Kunai ""Poison""",ADD_NEW,OK_DISCOVERED,kunai_poison.webp,21120,https://ggstand.com/public/storage/items/16896914156eac09bfdb4fcd756faeb53c4c0c40e3.png,https://ggstand.com/en/case/ezknife-m-st,source=WEBP; alpha=90.2893%
70,"M16 ""Bigfoot""",ADD_NEW,OK_DISCOVERED,m16_bigfoot.webp,31098,https://ggstand.com/public/storage/items/170318837427e33360c0438b3a870762a09dd00675.png,https://ggstand.com/en/case/epic,source=WEBP; alpha=91.9327%
71,"M16 ""Muraena""",ADD_NEW,OK_DISCOVERED,m16_muraena.webp,30832,https://ggstand.com/public/storage/items/1689692917447ce59fab44f431a6f8ca371e4dc6d0.png,https://ggstand.com/en/case/legendary,source=WEBP; alpha=88.7100%
72,"M16 ""Naga""",ADD_NEW,OK_DISCOVERED,m16_naga.webp,39376,https://ggstand.com/public/storage/items/176582924447ca24c920405df4aa51312d2643ed03.webp,https://ggstand.com/en/case/dia-de-muertos-st-collection,source=WEBP; alpha=85.3897%
73,"M16 ""Sea Glint""",ADD_NEW,OK_DISCOVERED,m16_sea_glint.webp,39336,https://ggstand.com/public/storage/items/17191365631f3d44d94d19ac0bd5f9a4fd5d63708a.png,https://ggstand.com/en/case/arcane,source=WEBP; alpha=88.4750%
74,"M4 ""Demon""",REPLACE_EXISTING,OK_DISCOVERED,m4_demon.webp,29118,https://ggstand.com/public/storage/items/1688127693fc070f2046cd4c976693c9e020317d03.png,https://ggstand.com/en/case/sttrack,source=WEBP; alpha=83.6670%
75,"M4 ""Flex""",ADD_NEW,OK_DISCOVERED,m4_flex.webp,23178,https://ggstand.com/public/storage/items/174489521467470ef1203c5216b9880b3df32f1109.png,https://ggstand.com/en/case/epic,source=WEBP; alpha=80.2849%
76,"M4 ""Ironclad""",REPLACE_EXISTING,OK_KNOWN_OVERRIDE+DISCOVERED,m4_ironclad.webp,38172,https://ggstand.com/public/storage/items/1725201635f760f28c3684c3181a44d3c221e9c1d4.png,https://ggstand.com/en/case/legendary,source=WEBP; alpha=86.6264%
77,"M4 ""Kachi""",ADD_NEW,OK_DISCOVERED,m4_kachi.webp,26140,https://ggstand.com/public/storage/items/17353939386407183854d5dd34be3a76c414f40240.png,https://ggstand.com/en/case/sttrack,source=WEBP; alpha=80.3093%
78,"M4 ""Lizard""",REPLACE_EXISTING,OK_DISCOVERED,m4_lizard.webp,42292,https://ggstand.com/public/storage/items/1688127688433d109abf26ec56b7d342c2cbdc1561.png,https://ggstand.com/en/case/legendary,source=WEBP; alpha=84.3361%
79,"M4 ""Night Wolf""",REPLACE_EXISTING,OK_KNOWN_OVERRIDE+DISCOVERED,m4_night_wolf.webp,34806,https://ggstand.com/public/storage/items/168812768237421987d8b59c6d115468e2a6f87dd5.png,https://ggstand.com/en/case/legendary,source=WEBP; alpha=83.0711%
80,"M4 ""PRO""",ADD_NEW,OK_DISCOVERED,m4_pro.webp,33770,https://ggstand.com/public/storage/items/1688127677203f4c7bca7a6304ee703f69c5bb28f1.png,https://ggstand.com/en/case/rare,source=WEBP; alpha=85.1204%
81,"M4 ""Pixel Storm""",REPLACE_EXISTING,OK_DISCOVERED,m4_pixel_storm.webp,46872,https://ggstand.com/public/storage/items/16879772784565a7903992d248cb2bfc8fb85e7e22.png,https://ggstand.com/en/case/arcane,source=WEBP; alpha=84.0248%
82,"M4 ""Samurai""",REPLACE_EXISTING,OK_DISCOVERED,m4_samurai.webp,43232,https://ggstand.com/public/storage/items/1688127666bee9cd4ad5288a4fac522769b9c67d0d.png,https://ggstand.com/en/case/arcane,source=WEBP; alpha=84.6489%
83,"M40 ""Arctic""",ADD_NEW,OK_DISCOVERED,m40_arctic.webp,20038,https://ggstand.com/public/storage/items/168971412310e6d06c2eb733dc951fd6c770ec15e4.png,https://ggstand.com/en/case/rare,source=WEBP; alpha=92.3920%
84,"M40 ""Auric Bloom""",REPLACE_EXISTING,OK_DISCOVERED,m40_auric_bloom.webp,25366,https://ggstand.com/public/storage/items/1766142445dfb88374a8a52d0ac08a3d8981aea4ac.png,https://ggstand.com/en/case/arcane,source=WEBP; alpha=77.2949%
85,"M4A1 ""Bubblegum""",REPLACE_EXISTING,OK_DISCOVERED,m4a1_bubblegum.webp,40252,https://ggstand.com/public/storage/items/16881278092f7316d7e2498d08fc2b98bd44f3a2e6.png,https://ggstand.com/en/case/arcane,source=WEBP; alpha=87.7220%
86,"M4A1 ""Ferocity""",REPLACE_EXISTING,OK_KNOWN_OVERRIDE+DISCOVERED,m4a1_ferocity.webp,28972,https://ggstand.com/public/storage/items/171043518908c69a9e6e0d72ed1b3278a42d7f5451.png,https://ggstand.com/en/case/arcane,source=WEBP; alpha=91.7267%
87,"M4A1 ""Jade Stone""",ADD_NEW,OK_DISCOVERED,m4a1_jade_stone.webp,21982,https://ggstand.com/public/storage/items/1771237729f0acd7cb72d8852f0aeb5b8fcaa4d8ea.png,https://ggstand.com/en/case/year-of-horse-st-collection,source=WEBP; alpha=81.7978%
88,"M4A1 ""Kitsune""",REPLACE_EXISTING,OK_KNOWN_OVERRIDE+DISCOVERED,m4a1_kitsune.webp,26450,https://ggstand.com/public/storage/items/1688127805c5d0e2325786e6ab9893b474ccad8701.png,https://ggstand.com/en/case/sttrack,source=WEBP; alpha=87.8258%
89,"M4A1 ""Mermaid""",ADD_NEW,OK_DISCOVERED,m4a1_mermaid.webp,25140,https://ggstand.com/public/storage/items/1689692915e9bdaec352489b00972c0e46b96373d8.png,https://ggstand.com/en/case/legendary,source=WEBP; alpha=91.4207%
90,"M4A1 ""Serpent""",ADD_NEW,OK_DISCOVERED,m4a1_serpent.webp,24696,https://ggstand.com/public/storage/items/1693400318cb99bf8725dfdb1090ba4d9f9bd783c4.png,https://ggstand.com/en/case/epic,source=WEBP; alpha=93.4303%
91,"M4A1 ""Sparkling Gaze""",REPLACE_EXISTING,OK_DISCOVERED,m4a1_sparkling_gaze.webp,26714,https://ggstand.com/public/storage/items/1735487209ba48113a0f04ebe80a99555a3f7fd0ec.png,https://ggstand.com/en/case/sttrack,source=WEBP; alpha=81.9664%
92,"M4A1 ""Treasure Hunter""",REPLACE_EXISTING,OK_DISCOVERED,m4a1_treasure_hunter.webp,22422,https://ggstand.com/public/storage/items/1766142340275bd7b8ffd4382916acea72fe95e3e7.png,https://ggstand.com/en/case/arcane,source=WEBP; alpha=81.7719%
93,"M60 ""Grunge""",ADD_NEW,OK_KNOWN_OVERRIDE+DISCOVERED,m60_grunge.webp,40308,https://ggstand.com/public/storage/items/1688128337708747050dce60958703b10a8c025772.png,https://ggstand.com/en/case/legendary,source=WEBP; alpha=86.6501%
94,"M60 ""Spaceware""",ADD_NEW,OK_DISCOVERED,m60_spaceware.webp,41332,https://ggstand.com/public/storage/items/1689714082483860aeac07a0f2c1d3158578c494a3.png,https://ggstand.com/en/case/epic,source=WEBP; alpha=82.5760%
95,"M9 Bayonet ""Ancient""",REPLACE_EXISTING,OK_DISCOVERED,m9_bayonet_ancient.webp,14592,https://ggstand.com/public/storage/items/1771275296b07475d76fde299bbdede9237829d32e.png,https://ggstand.com/en/case/ezknife-m-st,source=WEBP; alpha=89.9269%
96,"M9 Bayonet ""Dragon Glass""",REPLACE_EXISTING,OK_DISCOVERED,m9_bayonet_dragon_glass.webp,14904,https://ggstand.com/public/storage/items/17712753152b90602bc403cee4884e66c1efd4e008.png,https://ggstand.com/en/case/origin,source=WEBP; alpha=89.9284%
97,"M9 Bayonet ""Universe""",REPLACE_EXISTING,OK_DISCOVERED,m9_bayonet_universe.webp,13728,https://ggstand.com/public/storage/items/1771275336cc90feaea01061b9204f5a412ad169fd.png,https://ggstand.com/en/case/origin,source=WEBP; alpha=89.9284%
98,"MAC10 ""Arcane Surge""",ADD_NEW,UNRESOLVED,,0,,,No image URL found for target MAC10 | Arcane Surge
99,"MAC10 ""Arid""",ADD_NEW,OK_DISCOVERED,mac10_arid.webp,22632,https://ggstand.com/public/storage/items/169340047331591582e31342e9d349a585df1ebf0c.png,https://ggstand.com/en/case/rare,source=WEBP; alpha=93.8316%
100,"MAC10 ""Corrode""",ADD_NEW,OK_DISCOVERED,mac10_corrode.webp,23614,https://ggstand.com/public/storage/items/1710434414745846790155f4c8ab6bdb612a2b3b23.png,https://ggstand.com/en/case/rare,source=WEBP; alpha=93.5287%
101,"MP5 ""Arcane Surge""",ADD_NEW,OK_DISCOVERED,mp5_arcane_surge.webp,22424,https://ggstand.com/public/storage/items/17616596438ec88b15bd38af383ff3550420ceb4d5.png,https://ggstand.com/en/case/wild-safari-s-st,source=WEBP; alpha=78.8750%
102,"MP5 ""Clouds""",ADD_NEW,OK_DISCOVERED,mp5_clouds.webp,21732,https://ggstand.com/public/storage/items/1756134530050508b7c92681cce26165943a52afca.png,https://ggstand.com/en/case/syndicate-st-collection,source=WEBP; alpha=78.9139%
103,"MP5 ""Insanity""",ADD_NEW,OK_DISCOVERED,mp5_insanity.webp,30180,https://ggstand.com/public/storage/items/169848822372c671b35c9560058d5f7c02f8a6aff9.png,https://ggstand.com/en/case/subject-x-st-collection,source=WEBP; alpha=90.1833%
104,"MP5 ""Northern Fury""",ADD_NEW,OK_DISCOVERED,mp5_northern_fury.webp,35968,https://ggstand.com/public/storage/items/1688129423d17b32cf2218b0b4362b476d53055186.png,https://ggstand.com/en/case/rare,source=WEBP; alpha=84.5474%
105,"MP5 ""Phantom Form""",ADD_NEW,OK_DISCOVERED,mp5_phantom_form.webp,23976,https://ggstand.com/public/storage/items/1777372075a2bf6e6442a91f37fb1c5e9b6b0f222c.png,https://ggstand.com/en/case/wild-safari-s-st,source=WEBP; alpha=78.9413%
106,"MP5 ""Project Z9""",REPLACE_EXISTING,OK_KNOWN_OVERRIDE+DISCOVERED,mp5_project_z9.webp,34022,https://ggstand.com/public/storage/items/168812942670eabfa6bca29a1f60f4e8098ee3c6dc.png,https://ggstand.com/en/case/rare,source=WEBP; alpha=85.3790%
107,"MP7 ""Space Blaster""",ADD_NEW,OK_KNOWN_OVERRIDE+DISCOVERED,mp7_space_blaster.webp,32152,https://ggstand.com/public/storage/items/16885080602f2573b135dbf235e94387999719fd96.png,https://ggstand.com/en/case/epic,source=WEBP; alpha=88.6757%
108,"MP7 ""Winter Sport""",REPLACE_EXISTING,OK_DISCOVERED,mp7_winter_sport.webp,31860,https://ggstand.com/public/storage/items/168813020905ef29a763c8d7b77d889a99fbdac7bf.png,https://ggstand.com/en/case/rare,source=WEBP; alpha=87.4474%
109,"Mantis ""Eclipse""",ADD_NEW,OK_DISCOVERED,mantis_eclipse.webp,13428,https://ggstand.com/public/storage/items/1742828219365b1145430d01cf3440330d0b63c71c.png,https://ggstand.com/en/case/turbo,source=WEBP; alpha=87.5572%
110,"P350 ""Autumn""",ADD_NEW,OK_DISCOVERED,p350_autumn.webp,39184,https://ggstand.com/public/storage/items/168813246520baaf6465a3a83eac21e0dec67a5f1c.png,https://ggstand.com/en/case/rare,source=WEBP; alpha=83.5014%
111,"P350 ""Blizzard""",ADD_NEW,OK_DISCOVERED,p350_blizzard.webp,43886,https://ggstand.com/public/storage/items/1688132469974e5478171fb6540f01492bbaac908f.png,https://ggstand.com/en/case/legendary,source=WEBP; alpha=85.8017%
112,"P350 ""Emberbird""",ADD_NEW,OK_DISCOVERED,p350_emberbird.webp,20618,https://ggstand.com/public/storage/items/17661423176b3def7be71edd59bc872493ac54882c.png,https://ggstand.com/en/case/legendary,source=WEBP; alpha=80.6396%
113,"P350 ""Forest Spirit""",REPLACE_EXISTING,OK_DISCOVERED,p350_forest_spirit.webp,50124,https://ggstand.com/public/storage/items/16881324722336deb0c748bd1f2cbb094a7a9ac38b.png,https://ggstand.com/en/case/arcane,source=WEBP; alpha=85.1700%
114,"P350 ""Neon""",REPLACE_EXISTING,OK_DISCOVERED,p350_neon.webp,37430,https://ggstand.com/public/storage/items/1688132476187da7aec5d8a08e21dadb018a4e6e79.png,https://ggstand.com/en/case/epic,source=WEBP; alpha=84.1286%
115,"P350 ""Raider""",ADD_NEW,OK_DISCOVERED,p350_raider.webp,29462,https://ggstand.com/public/storage/items/1689713926ebd09e7729ca8c8ea483e1527a690eaf.png,https://ggstand.com/en/case/epic,source=WEBP; alpha=81.2378%
116,"P350 ""Rally""",ADD_NEW,OK_DISCOVERED,p350_rally.webp,45652,https://ggstand.com/public/storage/items/1688132485c0d68473bf8293971b41ae3b197550aa.png,https://ggstand.com/en/case/rare,source=WEBP; alpha=79.1199%
117,"P90 ""Ghoul""",REPLACE_EXISTING,OK_DISCOVERED,p90_ghoul.webp,55124,https://ggstand.com/public/storage/items/16881304374601f35300f664118095eff93f6463e4.png,https://ggstand.com/en/case/epic,source=WEBP; alpha=79.3518%
118,"P90 ""Nebula""",ADD_NEW,OK_DISCOVERED,p90_nebula.webp,37086,https://ggstand.com/public/storage/items/16899440688b7bb97a032cf4d262090efee24278c0.png,https://ggstand.com/en/case/arcane,source=WEBP; alpha=82.5638%
119,"S1 FabM ""Cloud Lily""",ADD_NEW,OK_DISCOVERED,s1_fabm_cloud_lily.webp,22398,https://ggstand.com/public/storage/items/1770987124496f58d8eff4bc09d39da8cdd404bb7d.png,https://ggstand.com/en/case/year-of-horse-st-collection,source=WEBP; alpha=81.7230%
120,"S2 F/S ""Burning Mist""",ADD_NEW,OK_DISCOVERED,s2_f_s_burning_mist.webp,51034,https://ggstand.com/public/storage/items/1777046344e0255b4435fb0b69d9d642a8c8bfa790.webp,https://ggstand.com/en/case/year-of-horse-st-collection,source=WEBP; alpha=80.3619%
121,"S3 Mallard ""Ink Wash""",ADD_NEW,OK_DISCOVERED,s3_mallard_ink_wash.webp,37554,https://ggstand.com/public/storage/items/177709883413141f7b0fde3251a4b14c1c7fd758b2.webp,https://ggstand.com/en/case/year-of-horse-st-collection,source=WEBP; alpha=80.3749%
122,"SM1014 ""Pathfinder""",REPLACE_EXISTING,OK_DISCOVERED,sm1014_pathfinder.webp,30100,https://ggstand.com/public/storage/items/16881329054c64bfb074881d77cb0d95c47e9fe164.png,https://ggstand.com/en/case/rare,source=WEBP; alpha=89.7316%
123,"SM1014 ""Triton""",ADD_NEW,OK_DISCOVERED,sm1014_triton.webp,24642,https://ggstand.com/public/storage/items/17191368577b498c24dbd03a1dc6ec185549079d61.png,https://ggstand.com/en/case/sttrack,source=WEBP; alpha=92.2913%
124,"SM1014 ""Wave""",ADD_NEW,OK_DISCOVERED,sm1014_wave.webp,36284,https://ggstand.com/public/storage/items/1688132903c5308054441b9d99ae3ee11227c60323.png,https://ggstand.com/en/case/rare,source=WEBP; alpha=88.6093%
125,"SPAS ""Octopus""",ADD_NEW,OK_DISCOVERED,spas_octopus.webp,22344,https://ggstand.com/public/storage/items/168969295383e8fd56f9afa11b83fafd416a7bbe74.png,https://ggstand.com/en/case/legendary,source=WEBP; alpha=91.5054%
126,"SPAS ""Raider""",ADD_NEW,OK_KNOWN_OVERRIDE+DISCOVERED,spas_raider.webp,25758,https://ggstand.com/public/storage/items/1689736132cac8e836971b49b867801792adbe8677.png,https://ggstand.com/en/case/epic,source=WEBP; alpha=92.3439%
127,"SPAS ""Taint""",ADD_NEW,OK_DISCOVERED,spas_taint.webp,35562,https://ggstand.com/public/storage/items/168840659077af8abc3e4c1df0c84035e270f65445.png,https://ggstand.com/en/case/legendary,source=WEBP; alpha=88.1454%
128,"Scorpion ""Ahau""",ADD_NEW,OK_DISCOVERED,scorpion_ahau.webp,16926,https://ggstand.com/public/storage/items/177929336461605081d85611d9decedcd670ed904f.png,https://ggstand.com/en/case/ezknife-m-st,source=WEBP; alpha=83.9554%
129,"Scorpion ""Howling Ghost""",ADD_NEW,OK_DISCOVERED,scorpion_howling_ghost.webp,18712,https://ggstand.com/public/storage/items/1761658329d201832fe153dbbe1d16f2dfc69d0e74.png,https://ggstand.com/en/case/dia-de-muertos-st-collection,source=WEBP; alpha=83.8737%
130,"Sticker ""Sandstone""",ADD_NEW,OK_DISCOVERED,sticker_sandstone.webp,33374,https://ggstand.com/public/storage/items/16884757106868704e119e5ed535d2be7573492677.png,https://ggstand.com/en/case/sandstone,source=WEBP; alpha=86.1328%
131,"Sting ""Arcane Surge""",ADD_NEW,UNRESOLVED,,0,,,No image URL found for target Sting | Arcane Surge
132,"TEC-9 ""Fable""",ADD_NEW,OK_DISCOVERED,tec_9_fable.webp,27034,https://ggstand.com/public/storage/items/1688133134617f7a22866ee64ab0064a6010ba243a.png,https://ggstand.com/en/case/legendary,source=WEBP; alpha=87.8792%
133,"TEC-9 ""Restless""",ADD_NEW,OK_DISCOVERED,tec_9_restless.webp,25476,https://ggstand.com/public/storage/items/16897361827dc81f522d9a98e4034ad0227c7fe153.png,https://ggstand.com/en/case/epic,source=WEBP; alpha=92.2371%
134,"TEC-9 ""Splash""",ADD_NEW,OK_DISCOVERED,tec_9_splash.webp,21142,https://ggstand.com/public/storage/items/168969305582bdff84db2fc363aadcccbcd00cf78c.png,https://ggstand.com/en/case/rare,source=WEBP; alpha=91.7458%
135,"TEC-9 ""Splinter Storm""",ADD_NEW,OK_DISCOVERED,tec_9_splinter_storm.webp,21434,https://ggstand.com/public/storage/items/168813314185e541fadad1008d5356c2f5317d1d30.png,https://ggstand.com/en/case/epic,source=WEBP; alpha=90.0917%
136,"TEC-9 ""Tropic""",REPLACE_EXISTING,OK_DISCOVERED,tec_9_tropic.webp,34948,https://ggstand.com/public/storage/items/1688133143dd025c7caf8c6ebc095bb743051cc1ac.png,https://ggstand.com/en/case/rare,source=WEBP; alpha=88.2965%
137,"UMP45 ""Cyberpunk""",ADD_NEW,OK_DISCOVERED,ump45_cyberpunk.webp,38586,https://ggstand.com/public/storage/items/1688133511ff311ea508b42c75f0db45b871437eea.png,https://ggstand.com/en/case/epic,source=WEBP; alpha=85.6232%
138,"UMP45 ""Leviathan""",ADD_NEW,OK_DISCOVERED,ump45_leviathan.webp,18364,https://ggstand.com/public/storage/items/17616599748e30151b8b23a200c89f0ba3fe3a9544.png,https://ggstand.com/en/case/dia-de-muertos-st-collection,source=WEBP; alpha=81.1783%
139,"UMP45 ""Luminous""",ADD_NEW,OK_DISCOVERED,ump45_luminous.webp,45240,https://ggstand.com/public/storage/items/1688507818426a26da0c7d1cd469926620a31f1a4c.png,https://ggstand.com/en/case/legendary,source=WEBP; alpha=88.7512%
140,"USP ""2 Years""",REPLACE_EXISTING,UNRESOLVED,,0,,,No image URL found for target USP | 2 Years
141,"USP ""Corrode""",ADD_NEW,OK_DISCOVERED,usp_corrode.webp,28932,https://ggstand.com/public/storage/items/17104344898b411c3b6945755bd09a4aace6481017.png,https://ggstand.com/en/case/rare,source=WEBP; alpha=90.8051%
142,"USP ""Digital Burst""",REPLACE_EXISTING,OK_DISCOVERED,usp_digital_burst.webp,31186,https://ggstand.com/public/storage/items/168850776090fc3f0eb9fb7e9c710c5217e1eae0a4.png,https://ggstand.com/en/case/epic,source=WEBP; alpha=88.1310%
143,"USP ""Griffin""",ADD_NEW,OK_DISCOVERED,usp_griffin.webp,32074,https://ggstand.com/public/storage/items/16884066886e93f7aadaee99ba4f6d236ae1cdda97.png,https://ggstand.com/en/case/rare,source=WEBP; alpha=86.9804%
144,"USP ""Stone Cold""",REPLACE_EXISTING,OK_DISCOVERED,usp_stone_cold.webp,26616,https://ggstand.com/public/storage/items/168813376263b683ca0c8d739d53e833d5bc6dc219.png,https://ggstand.com/en/case/epic,source=WEBP; alpha=86.8660%
145,"USP ""Warden""",ADD_NEW,OK_DISCOVERED,usp_warden.webp,19518,https://ggstand.com/public/storage/items/17773722595179d4b3cedbfdb100477c86840310a3.png,https://ggstand.com/en/case/summer-st-case,source=WEBP; alpha=79.2892%
146,"VAL ""Rosa Mortal""",ADD_NEW,OK_DISCOVERED,val_rosa_mortal.webp,16102,https://ggstand.com/public/storage/items/176165982289e8453f2f2f581ffe754ce1022fd1fd.png,https://ggstand.com/en/case/dia-de-muertos-st-collection,source=WEBP; alpha=84.8244%
